Bookmaker,Earning_avg,Budget_avg,ROI,Complete_in_day,
Bwin,€ 8.50,€ 50.00,17.00%,,
Williamhill,€ 45.00,€ 325.00,13.85%,30,
Bet365,€ 70.00,€ 700.00,10.00%,7,
Planetwin365,€ 220.00,€ 2,500.00,8.80%,7
Eurobet,€ 200.00,€ 2,375.00,8.42%,8
Snai,€ 210.00,€ 3,000.00,7.00%,10
Leovegas,€ 90.00,€ 1,400.00,6.43%,10
Domusbet,€ 30.00,€ 550.00,5.45%,,
Unibet,€ 6.00,€ 120.00,5.00%,14,
E-play24,€ 17.00,€ 450.00,3.78%,3,
Novibet,€ 21.00,€ 800.00,2.63%,,
Starcasino,€ 11.00,€ 550.00,2.00%,10,
Bwin 2 (personal),,,,4,